Rank,Player,Team,Bye,POS,ESPN,Yahoo,CBS,Sleeper,NFL,RTSports,Fantrax,AVG
1,Jahmyr Gibbs,DET,6,RB1,,,,2,,1,,1.5
2,Bijan Robinson,ATL,11,RB2,,,,1,,2,,1.5
3,Ja'Marr Chase,CIN,6,WR1,,,,6,,3,,4.5
4,Christian McCaffrey,SF,8,RB3,,,,4,,5,,4.5
5,Jonathan Taylor,IND,13,RB4,,,,3,,7,,5.0
6,Puka Nacua,LAR,11,WR2,,,,9,,4,,6.5
7,James Cook III,BUF,7,RB5,,,,5,,9,,7.0
8,Jaxon Smith-Njigba,SEA,11,WR3,,,,10,,6,,8.0
9,De'Von Achane,MIA,6,RB6,,,,8,,10,,9.0
10,Derrick Henry,BAL,13,RB7,,,,7,,19,,13.0
11,Amon-Ra St. Brown,DET,6,WR4,,,,18,,8,,13.0
12,Omarion Hampton,LAC,7,RB8,,,,12,,15,,13.5
13,Ashton Jeanty,LV,13,RB9,,,,11,,17,,14.0
14,CeeDee Lamb,DAL,14,WR5,,,,15,,13,,14.0
15,Saquon Barkley,PHI,10,RB10,,,,14,,14,,14.0
16,Chase Brown,CIN,6,RB11,,,,19,,11,,15.0
17,Justin Jefferson,MIN,6,WR6,,,,20,,12,,16.0
18,Josh Allen,BUF,7,QB1,,,,16,,24,,20.0
19,Kenneth Walker III,KC,5,RB12,,,,24,,16,,20.0
20,Drake London,ATL,11,WR7,,,,21,,21,,21.0
21,Kyren Williams,LAR,11,RB13,,,,13,,30,,21.5
22,Trey McBride,ARI,14,TE1,,,,23,,20,,21.5
23,Jeremiyah Love,ARI,14,RB14,,,,17,,29,,23.0
24,Brock Bowers,LV,13,TE2,,,,29,,22,,25.5
25,Nico Collins,HOU,8,WR8,,,,26,,25,,25.5
26,A.J. Brown,NE,11,WR9,,,,34,,18,,26.0
27,Josh Jacobs,GB,11,RB15,,,,22,,31,,26.5
28,Chris Olave,NO,8,WR10,,,,31,,23,,27.0
29,George Pickens,DAL,14,WR11,,,,28,,27,,27.5
30,Javonte Williams,DAL,14,RB16,,,,32,,26,,29.0
31,Malik Nabers,NYG,8,WR12,,,,30,,28,,29.0
32,Breece Hall,NYJ,13,RB17,,,,27,,32,,29.5
33,Rashee Rice,KC,5,WR13,,,,35,,34,,34.5
34,Travis Etienne Jr.,NO,8,RB18,,,,36,,36,,36.0
35,Lamar Jackson,BAL,13,QB2,,,,25,,50,,37.5
36,Bucky Irving,TB,10,RB19,,,,33,,42,,37.5
37,Garrett Wilson,NYJ,13,WR14,,,,39,,39,,39.0
38,Cam Skattebo,NYG,8,RB20,,,,42,,40,,41.0
39,Quinshon Judkins,CLE,11,RB21,,,,45,,38,,41.5
40,Tetairoa McMillan,CAR,5,WR15,,,,38,,45,,41.5
41,Tee Higgins,CIN,6,WR16,,,,37,,49,,43.0
42,Luther Burden III,CHI,10,WR17,,,,41,,47,,44.0
43,Zay Flowers,BAL,13,WR18,,,,52,,37,,44.5
44,DeVonta Smith,PHI,10,WR19,,,,55,,35,,45.0
45,Colston Loveland,CHI,10,TE3,,,,47,,43,,45.0
46,Ladd McConkey,LAC,7,WR20,,,,48,,44,,46.0
47,TreVeyon Henderson,NE,11,RB22,,,,40,,54,,47.0
48,DJ Moore,BUF,7,WR21,,,,62,,33,,47.5
49,Jaylen Waddle,DEN,10,WR22,,,,43,,52,,47.5
50,Bhayshul Tuten,JAC,7,RB23,,,,44,,51,,47.5
51,D'Andre Swift,CHI,10,RB24,,,,49,,46,,47.5
52,Emeka Egbuka,TB,10,WR23,,,,57,,41,,49.0
53,David Montgomery,HOU,8,RB25,,,,50,,48,,49.0
54,Davante Adams,LAR,11,WR24,,,,46,,58,,52.0
55,Drake Maye,NE,11,QB3,,,,51,,59,,55.0
56,Jameson Williams,DET,6,WR25,,,,54,,57,,55.5
57,Terry McLaurin,WAS,7,WR26,,,,58,,56,,57.0
58,Tyler Warren,IND,13,TE4,,,,60,,55,,57.5
59,Jaylen Warren,PIT,9,RB26,,,,53,,64,,58.5
60,Joe Burrow,CIN,6,QB4,,,,56,,61,,58.5
61,Rhamondre Stevenson,NE,11,RB27,,,,61,,63,,62.0
62,Mike Evans,SF,8,WR27,,,,63,,67,,65.0
63,RJ Harvey,DEN,10,RB28,,,,59,,72,,65.5
64,Harold Fannin Jr.,CLE,11,TE5,,,,67,,65,,66.0
65,Rome Odunze,CHI,10,WR28,,,,73,,60,,66.5
66,Jayden Daniels,WAS,7,QB5,,,,71,,66,,68.5
67,Rico Dowdle,PIT,9,RB29,,,,70,,68,,69.0
68,Christian Watson,GB,11,WR29,,,,69,,69,,69.0
69,Jadarian Price,SEA,11,RB30,,,,86,,53,,69.5
70,Parker Washington,JAC,7,WR30,,,,81,,62,,71.5
71,Tony Pollard,TEN,9,RB31,,,,68,,75,,71.5
72,Carnell Tate,TEN,9,WR31,,,,64,,82,,73.0
73,Jalen Hurts,PHI,10,QB6,,,,76,,71,,73.5
74,Tucker Kraft,GB,11,TE6,,,,77,,74,,75.5
75,Courtland Sutton,DEN,10,WR32,,,,78,,77,,77.5
76,Michael Wilson,ARI,14,WR33,,,,82,,76,,79.0
77,Kyle Monangai,CHI,10,RB32,,,,65,,95,,80.0
78,Chuba Hubbard,CAR,5,RB33,,,,72,,90,,81.0
79,Kyle Pitts Sr.,ATL,11,TE7,,,,79,,83,,81.0
80,J.K. Dobbins,DEN,10,RB34,,,,75,,88,,81.5
81,Blake Corum,LAR,11,RB35,,,,74,,91,,82.5
82,DK Metcalf,PIT,9,WR34,,,,80,,89,,84.5
83,Marvin Harrison Jr.,ARI,14,WR35,,,,89,,81,,85.0
84,Brian Thomas Jr.,JAC,7,WR36,,,,84,,86,,85.0
85,Chris Godwin Jr.,TB,10,WR37,,,,95,,79,,87.0
86,Caleb Williams,CHI,10,QB7,,,,97,,80,,88.5
87,Sam LaPorta,DET,6,TE8,,,,85,,96,,90.5
88,Justin Herbert,LAC,7,QB8,,,,94,,87,,90.5
89,Trevor Lawrence,JAC,7,QB9,,,,102,,85,,93.5
90,Kenny Gainwell,TB,10,RB36,,,,93,,94,,93.5
91,Jordan Mason,MIN,6,RB37,,,,110,,78,,94.0
92,Wan'Dale Robinson,TEN,9,WR38,,,,116,,73,,94.5
93,Dak Prescott,DAL,14,QB10,,,,107,,84,,95.5
94,Jaxson Dart,NYG,8,QB11,,,,91,,101,,96.0
95,Jacory Croskey-Merritt,WAS,7,RB38,,,,103,,92,,97.5
96,Jakobi Meyers,JAC,7,WR39,,,,83,,117,,100.0
97,Alec Pierce,IND,13,WR40,,,,101,,103,,102.0
98,George Kittle,SF,8,TE9,,,,109,,97,,103.0
99,Dalton Kincaid,BUF,7,TE10,,,,88,,121,,104.5
100,Aaron Jones Sr.,MIN,6,RB39,,,,92,,118,,105.0
101,Jordyn Tyson,NO,8,WR41,,,,66,,145,,105.5
102,Jordan Addison,MIN,6,WR42,,,,108,,108,,108.0
103,Michael Pittman Jr.,PIT,9,WR43,,,,119,,99,,109.0
104,Isaiah Likely,NYG,8,TE11,,,,127,,93,,110.0
105,Woody Marks,HOU,8,RB40,,,,115,,105,,110.0
106,Tyler Allgeier,ARI,14,RB41,,,,96,,125,,110.5
107,Travis Kelce,KC,5,TE12,,,,117,,104,,110.5
108,Patrick Mahomes II,KC,5,QB12,,,,112,,114,,113.0
109,Jake Ferguson,DAL,14,TE13,,,,105,,124,,114.5
110,Quentin Johnston,LAC,7,WR44,,,,123,,107,,115.0
111,Josh Downs,IND,13,WR45,,,,125,,106,,115.5
112,Brock Purdy,SF,8,QB13,,,,118,,115,,116.5
113,Mark Andrews,BAL,13,TE14,,,,104,,132,,118.0
114,Dallas Goedert,PHI,10,TE15,,,,100,,138,,119.0
115,Jonathon Brooks,CAR,5,RB42,,,,169,,70,,119.5
116,Bo Nix,DEN,10,QB14,,,,138,,102,,120.0
117,Stefon Diggs,WAS,7,WR46,,,,130,,110,,120.0
118,Juwan Johnson,NO,8,TE16,,,,113,,127,,120.0
119,Rachaad White,WAS,7,RB43,,,,142,,100,,121.0
120,Brian Robinson Jr.,ATL,11,RB44,,,,87,,156,,121.5
121,Brandon Aubrey,DAL,14,K1,,,,121,,122,,121.5
122,Jayden Reed,GB,11,WR47,,,,135,,109,,122.0
123,Matthew Stafford,LAR,11,QB15,,,,133,,111,,122.0
124,Zach Charbonnet,SEA,11,RB45,,,,111,,133,,122.0
125,Hunter Henry,NE,11,TE17,,,,98,,159,,128.5
126,Romeo Doubs,NE,11,WR48,,,,131,,126,,128.5
127,Tyjae Spears,TEN,9,RB46,,,,140,,120,,130.0
128,Tyrone Tracy Jr.,NYG,8,RB47,,,,122,,142,,132.0
129,Jonah Coleman,DEN,10,RB48,,,,132,,134,,133.0
130,Jared Goff,DET,6,QB16,,,,155,,112,,133.5
131,Houston Texans,DST,8,DST1,,,,129,,140,,134.5
132,KC Concepcion,CLE,11,WR49,,,,151,,119,,135.0
133,Mike Washington Jr.,LV,13,RB49,,,,161,,113,,137.0
134,Los Angeles Rams,DST,11,DST2,,,,124,,153,,138.5
135,Xavier Worthy,KC,5,WR50,,,,139,,143,,141.0
136,Brenton Strange,JAC,7,TE18,,,,114,,171,,142.5
137,Jordan Love,GB,11,QB17,,,,146,,139,,142.5
138,Khalil Shakir,BUF,7,WR51,,,,137,,149,,143.0
139,Chris Rodriguez Jr.,JAC,7,RB50,,,,167,,123,,145.0
140,Seattle Seahawks,DST,11,DST3,,,,134,,158,,146.0
141,Dalton Schultz,HOU,8,TE19,,,,106,,188,,147.0
142,Baker Mayfield,TB,10,QB18,,,,168,,130,,149.0
143,Jalen Coker,CAR,5,WR52,,,,153,,146,,149.5
144,Alvin Kamara,NO,8,RB51,,,,136,,165,,150.5
145,Deebo Samuel Sr.,SF,8,WR53,,,,160,,141,,150.5
146,Kenyon Sadiq,NYJ,13,TE20,,,,120,,182,,151.0
147,Denver Broncos,DST,10,DST4,,,,148,,154,,151.0
148,Malik Willis,MIA,6,QB19,,,,164,,144,,154.0
149,Dylan Sampson,CLE,11,RB52,,,,149,,160,,154.5
150,Emmett Johnson,KC,5,RB53,,,,126,,184,,155.0
151,Tyler Shough,NO,8,QB20,,,,174,,136,,155.0
152,Keaton Mitchell,LAC,7,RB54,,,,176,,137,,156.5
153,Oronde Gadsden II,LAC,7,TE21,,,,90,,224,,157.0
154,Kyler Murray,MIN,6,QB21,,,,186,,128,,157.0
155,Philadelphia Eagles,DST,10,DST5,,,,143,,173,,158.0
156,T.J. Hockenson,MIN,6,TE22,,,,147,,169,,158.0
157,Cameron Dicker,LAC,7,K2,,,,150,,166,,158.0
158,Chig Okonkwo,WAS,7,TE23,,,,158,,164,,161.0
159,Braelon Allen,NYJ,13,RB55,,,,156,,168,,162.0
160,Tank Bigsby,PHI,10,RB56,,,,173,,152,,162.5
161,Rashid Shaheed,SEA,11,WR54,,,,198,,129,,163.5
162,Isiah Pacheco,DET,6,RB57,,,,180,,147,,163.5
163,David Njoku,LAC,7,TE24,,,,152,,175,,163.5
164,Matthew Golden,GB,11,WR55,,,,195,,135,,165.0
165,James Conner,ARI,14,RB58,,,,99,,236,,167.5
166,Jauan Jennings,MIN,6,WR56,,,,141,,196,,168.5
167,Jason Myers,SEA,11,K3,,,,154,,194,,174.0
168,Terrance Ferguson,LAR,11,TE25,,,,166,,183,,174.5
169,Kayshon Boutte,HOU,8,WR57,,,,201,,150,,175.5
170,Sam Darnold,SEA,11,QB22,,,,207,,148,,177.5
171,Ja'Kobi Lane,BAL,13,WR58,,,,206,,151,,178.5
172,Cam Little,JAC,7,K4,,,,183,,174,,178.5
173,C.J. Stroud,HOU,8,QB23,,,,203,,155,,179.0
174,Denzel Boston,CLE,11,WR59,,,,182,,176,,179.0
175,Ka'imi Fairbairn,HOU,8,K5,,,,190,,170,,180.0
176,De'Zhaun Stribling,SF,8,WR60,,,,272,,98,,185.0
177,Jerry Jeudy,CLE,11,WR61,,,,196,,177,,186.5
178,New England Patriots,DST,11,DST6,,,,171,,206,,188.5
179,AJ Barner,SEA,11,TE26,,,,144,,240,,192.0
180,Calvin Ridley,TEN,9,WR62,,,,226,,161,,193.5
181,Kimani Vidal,LAC,7,RB59,,,,165,,223,,194.0
182,Tyler Loop,BAL,13,K6,,,,177,,219,,198.0
183,Omar Cooper Jr.,NYJ,13,WR63,,,,178,,218,,198.0
184,Minnesota Vikings,DST,6,DST7,,,,185,,211,,198.0
185,Jalen McMillan,TB,10,WR64,,,,202,,197,,199.5
186,Colby Parkinson,LAR,11,TE27,,,,157,,244,,200.5
187,Cam Ward,TEN,9,QB24,,,,240,,162,,201.0
188,Tyreek Hill,,,WR65,,,,172,,230,,201.0
189,Tre' Harris,LAC,7,WR66,,,,223,,179,,201.0
190,Baltimore Ravens,DST,13,DST8,,,,162,,241,,201.5
191,Cade Otton,TB,10,TE28,,,,175,,228,,201.5
192,Kaytron Allen,WAS,7,RB60,,,,191,,214,,202.5
193,Jalen Nailor,LV,13,WR67,,,,249,,157,,203.0
194,Ray Davis,BUF,7,RB61,,,,205,,201,,203.0
195,Adonai Mitchell,NYJ,13,WR68,,,,199,,208,,203.5
196,Sean Tucker,TB,10,RB62,,,,187,,221,,204.0
197,Makai Lemon,PHI,10,WR69,,,,,,116,,116.0
198,Harrison Mevis,LAR,11,K7,,,,184,,226,,205.0
199,Daniel Jones,IND,13,QB25,,,,248,,163,,205.5
200,Najee Harris,NYG,8,RB63,,,,209,,205,,207.0
201,Bryce Young,CAR,5,QB26,,,,250,,167,,208.5
202,Jacksonville Jaguars,DST,7,DST9,,,,210,,207,,208.5
203,Nicholas Singleton,TEN,9,RB64,,,,204,,215,,209.5
204,Trey Benson,ARI,14,RB65,,,,128,,,,128.0
205,MarShawn Lloyd,GB,11,RB66,,,,,,131,,131.0
206,Harrison Butker,KC,5,K8,,,,188,,237,,212.5
207,Fernando Mendoza,LV,13,QB27,,,,234,,193,,213.5
208,Gunnar Helm,TEN,9,TE29,,,,181,,247,,214.0
209,Tre Tucker,LV,13,WR70,,,,233,,195,,214.0
210,Jacoby Brissett,ARI,14,QB28,,,,259,,172,,215.5
211,Jaylen Wright,MIA,6,RB67,,,,214,,220,,217.0
212,Jake Bates,DET,6,K9,,,,218,,216,,217.0
213,Chris Boswell,PIT,9,K10,,,,179,,256,,217.5
214,Tank Dell,HOU,8,WR71,,,,232,,203,,217.5
215,Pittsburgh Steelers,DST,9,DST10,,,,222,,213,,217.5
216,Eli Stowers,PHI,10,TE30,,,,163,,273,,218.0
217,Keenan Allen,IND,13,WR72,,,,261,,178,,219.5
218,Andy Borregales,NE,11,K11,,,,192,,252,,222.0
219,Travis Hunter,JAC,7,WR73,,,,193,,251,,222.0
220,Jaydon Blue,DAL,14,RB68,,,,235,,209,,222.0
221,Mason Taylor,NYJ,13,TE31,,,,159,,,,159.0
222,Antonio Williams,WAS,7,WR74,,,,189,,266,,227.5
223,Pat Bryant,DEN,10,WR75,,,,212,,250,,231.0
224,Demond Claiborne,MIN,6,RB69,,,,217,,245,,231.0
225,Wil Lutz,DEN,10,K12,,,,220,,242,,231.0
226,Theo Johnson,NYG,8,TE32,,,,170,,,,170.0
227,Los Angeles Chargers,DST,7,DST11,,,,243,,222,,232.5
228,Detroit Lions,DST,6,DST12,,,,194,,274,,234.0
229,Malachi Fields,NYG,8,WR76,,,,269,,199,,234.0
230,Eddy Pineiro,SF,8,K13,,,,224,,248,,236.0
231,Kaelon Black,SF,8,RB70,,,,,,180,,180.0
232,Tua Tagovailoa,ATL,11,QB29,,,,283,,191,,237.0
233,Emanuel Wilson,SEA,11,RB71,,,,197,,277,,237.0
234,Zachariah Branch,ATL,11,WR77,,,,231,,243,,237.0
235,Aaron Rodgers,PIT,9,QB30,,,,,,181,,181.0
236,Dontayvion Wicks,PHI,10,WR78,,,,,,185,,185.0
237,Michael Penix Jr.,ATL,11,QB31,,,,279,,200,,239.5
238,Will Reichard,MIN,6,K14,,,,215,,264,,239.5
239,Geno Smith,NYJ,13,QB32,,,,,,186,,186.0
240,Deshaun Watson,CLE,11,QB33,,,,,,187,,187.0
241,Austin Ekeler,,,RB72,,,,,,189,,189.0
242,Kaleb Johnson,PIT,9,RB73,,,,213,,270,,241.5
243,Cyrus Allen,KC,5,WR79,,,,,,190,,190.0
244,Chris Bell,MIA,6,WR80,,,,257,,227,,242.0
245,Malik Washington,MIA,6,WR81,,,,,,192,,192.0
246,Dallas Cowboys,DST,14,DST13,,,,255,,233,,244.0
247,Green Bay Packers,DST,11,DST14,,,,254,,234,,244.0
248,Caleb Douglas,MIA,6,WR82,,,,,,198,,198.0
249,Joe Mixon,,,RB74,,,,200,,,,200.0
250,Shedeur Sanders,CLE,11,QB34,,,,277,,217,,247.0
251,Isaac TeSlaa,DET,6,WR83,,,,229,,265,,247.0
252,Kirk Cousins,LV,13,QB35,,,,,,202,,202.0
253,New York Giants,DST,8,DST15,,,,236,,261,,248.5
254,Justice Hill,BAL,13,RB75,,,,,,204,,204.0
255,Germie Bernard,PIT,9,WR84,,,,244,,254,,249.0
256,Christian Kirk,SF,8,WR85,,,,268,,232,,250.0
257,Darnell Mooney,NYG,8,WR86,,,,245,,255,,250.0
258,Devin Neal,NO,8,RB76,,,,208,,,,208.0
259,Greg Dulcich,MIA,6,TE33,,,,,,210,,210.0
260,Troy Franklin,DEN,10,WR87,,,,211,,,,211.0
261,Noah Brown,,,WR88,,,,,,212,,212.0
262,Brandon Aiyuk,SF,8,WR89,,,,219,,289,,254.0
263,Jake Tonges,SF,8,TE34,,,,221,,287,,254.0
264,Cairo Santos,CHI,10,K15,,,,239,,269,,254.0
265,Chimere Dike,TEN,9,WR90,,,,216,,,,216.0
266,Kansas City Chiefs,DST,5,DST16,,,,228,,282,,255.0
267,Buffalo Bills,DST,7,DST17,,,,274,,239,,256.5
268,Devaughn Vele,NO,8,WR91,,,,267,,249,,258.0
269,Jaylin Noel,HOU,8,WR92,,,,238,,279,,258.5
270,Ryan Flournoy,DAL,14,WR93,,,,251,,267,,259.0
271,Devin Singletary,NYG,8,RB77,,,,,,225,,225.0
272,Kendre Miller,NO,8,RB78,,,,225,,,,225.0
273,Brashard Smith,KC,5,RB79,,,,227,,,,227.0
274,Ted Hurst III,TB,10,WR94,,,,247,,275,,261.0
275,George Holani,SEA,11,RB80,,,,,,229,,229.0
276,Elic Ayomanor,TEN,9,WR95,,,,230,,,,230.0
277,Chase McLaughlin,TB,10,K16,,,,252,,272,,262.0
278,Pat Freiermuth,PIT,9,TE35,,,,,,231,,231.0
279,Evan McPherson,CIN,6,K17,,,,264,,262,,263.0
280,Elijah Arroyo,SEA,11,TE36,,,,,,235,,235.0
281,Audric Estime,NO,8,RB81,,,,237,,,,237.0
282,Mike Gesicki,CIN,6,TE37,,,,,,238,,238.0
283,Cooper Kupp,SEA,11,WR96,,,,263,,271,,267.0
284,Jarquez Hunter,MIA,6,RB82,,,,241,,,,241.0
285,Marvin Mims Jr.,DEN,10,WR97,,,,242,,,,242.0
286,Kyle Williams,NE,11,WR98,,,,246,,,,246.0
287,Trey Smack,GB,11,K18,,,,,,246,,246.0
288,Chicago Bears,DST,10,DST18,,,,260,,286,,273.0
289,San Francisco 49ers,DST,8,DST19,,,,266,,280,,273.0
290,Samaje Perine,CIN,6,RB83,,,,,,253,,253.0
291,Tory Horton,SEA,11,WR99,,,,253,,,,253.0
292,Elijah Sarratt,BAL,13,WR100,,,,256,,,,256.0
293,Kareem Hunt,,,RB84,,,,,,257,,257.0
294,Ty Johnson,BUF,7,RB85,,,,,,258,,258.0
295,Rashod Bateman,BAL,13,WR101,,,,258,,,,258.0
296,Evan Engram,DEN,10,TE38,,,,,,259,,259.0
297,Keon Coleman,BUF,7,WR102,,,,262,,291,,276.5
298,Cleveland Browns,DST,11,DST20,,,,290,,263,,276.5
299,Jordan James,SF,8,RB86,,,,,,260,,260.0
300,Jack Bech,LV,13,WR103,,,,265,,,,265.0
301,Darren Waller,CAR,5,TE39,,,,,,268,,268.0
302,Max Klare,LAR,11,TE40,,,,270,,,,270.0
303,Michael Trigg,DAL,14,TE41,,,,271,,,,271.0
304,Indianapolis Colts,DST,13,DST21,,,,273,,,,273.0
305,Atlanta Falcons,DST,11,DST22,,,,275,,,,275.0
306,J.J. McCarthy,MIN,6,QB36,,,,276,,,,276.0
307,Michael Mayer,LV,13,TE42,,,,,,276,,276.0
308,Tampa Bay Buccaneers,DST,10,DST23,,,,278,,,,278.0
309,Jalen Tolbert,MIA,6,WR104,,,,,,278,,278.0
310,Jake Elliott,PHI,10,K19,,,,280,,,,280.0
311,Carolina Panthers,DST,5,DST24,,,,281,,,,281.0
312,Tyler Bass,BUF,7,K20,,,,295,,281,,288.0
313,Cincinnati Bengals,DST,6,DST25,,,,282,,,,282.0
314,Malik Davis,DAL,14,RB87,,,,,,283,,283.0
315,Matt Gay,LV,13,K21,,,,284,,,,284.0
316,Seth McGowan,IND,13,RB88,,,,,,284,,284.0
317,New Orleans Saints,DST,8,DST26,,,,285,,,,285.0
318,LeQuint Allen Jr.,JAC,7,RB89,,,,,,285,,285.0
319,Riley Patterson,MIA,6,K22,,,,286,,,,286.0
320,Charlie Smyth,NO,8,K23,,,,287,,,,287.0
321,Ty Simpson,LAR,11,QB37,,,,288,,,,288.0
322,Emari Demercado,KC,5,RB90,,,,,,288,,288.0
323,Nick Folk,ATL,11,K24,,,,289,,,,289.0
324,Alexander Mattison,,,RB91,,,,,,290,,290.0
325,Tennessee Titans,DST,9,DST27,,,,291,,,,291.0
326,Arizona Cardinals,DST,14,DST28,,,,292,,,,292.0
327,Jahan Dotson,ATL,11,WR105,,,,,,292,,292.0
328,Las Vegas Raiders,DST,13,DST29,,,,293,,,,293.0
329,Adam Randall,BAL,13,RB92,,,,,,293,,293.0
330,New York Jets,DST,13,DST30,,,,294,,,,294.0
331,Miami Dolphins,DST,6,DST31,,,,296,,,,296.0
